dateFrom,name ,organizationPrimarySector ,eventSecondarySector,impact.category,impact.description,Attribution.type,source.name,source.URL,eventConfidenceJustificaiton ,otherInformation,,,,,,,,,
"December 1,2023",Keter Group,Industry,"One of the world's largest manufacturers of plastic consumer goods, given a valuation of $2.5 billion when they filed for IPO at the New York Stock Exchange back in 2021.",Wipe,CyberToufan shredded over 100(!) databases belonging to the Keter Group and its subsidiary companies as part of #OpCyberToufan. I,Claimed ,"Cyber Tourfan 
Cyber News ",https://t.me/CyberToufanBackup/42 ,"https://t.me/CyberToufanBackup/36
PRESS RELEASE | Cyber Toufan Operation

Abiding by the orders to cease fire, Cyber Toufan Operations has taken the decision to halt its ongoing operations against the Israeli government and economy, as well as its global financial backers (for the duration of this ceasefire).

We will be eagerly awaiting the ending of this ceasefire, as we have some leaks lined up that will squeeze the final breath out of Israel's already dying economy, this time targeting a number of multi-billion dollar Israeli corporations playing major roles in the global economy.","Keter Group | Operation Cyber Toufan

The Israeli Keter Group (Est. 1948) is one of the world's largest manufacturers of plastic consumer goods, given a valuation of $2.5 billion when they filed for IPO at the New York Stock Exchange back in 2021.

On the 16th of November, after Netanyahu had killed over 5,000 of our children, CyberToufan shredded over 100(!) databases belonging to the Keter Group and its subsidiary companies as part of #OpCyberToufan. It seems like, two weeks later, they are still stuck trying to recover from the mess Mr. Netanyahu has made for them (keter.co.il)..

Mark. Our. Words. All of Keter Group's sensitive data will be leaked in the case of further breaches of the agreement by the Israelis.

#OpCyberToufan #OpIsrael #IsraelLeaks",,,,,,,,,
"December 1,2023",Berkshire eSupply,Industry," industrial version of Amazon, containing",Wipe,Berkshire eSupply's complete systems (berkshireesupply.com) and backups have been down and wiped them all out ...All of Berkshire eSupply's sensitive data will be leaked in the case of further breaches by the Israelis. Mr. Buffet.. You may want to have a chat with your friend.,Claimed,Cyber Tourfan (https://t.me/CyberToufanBackup/38) Cyber News (https://cybernews.com/security/iran-cyber-toufan-hacked-high-profile-israeli-firms/),https://t.me/CyberToufanBackup/38,"""'m sure Mr. Buffet, like us, is eagerly awaiting the end of this ceasefire, and is enjoying watching every breach of the agreement the Israeli army commit in Gaza.""","Berkshire eSupply | Operation Cyber Toufan

Warren Buffet's multi-billion dollar project Berkshire eSupply (BeS) is the industrial version of Amazon, containing over 1 million industrial supply products and thousands of industrial suppliers. BeS thought it would be a good idea to financially support the genocidal state of Israel by contracting out their systems to Israeli companies.

Berkshire eSupply's complete systems (berkshireesupply.com) and backups have been down ""due to unforseen technical difficulties"" since the 16th of November, when Cyber Toufan wiped them all out in stage one of #OpCyberToufan.. I'm sure Mr. Buffet, like us, is eagerly awaiting the end of this ceasefire, and is enjoying watching every breach of the agreement the Israeli army commit in Gaza.

All of Berkshire eSupply's sensitive data will be leaked in the case of further breaches by the Israelis. Mr. Buffet.. You may want to have a chat with your friend.

#OpCyberToufan #OpIsrael #IsraelLeaks",,,,,,,,,
"December 1,2023",Berkshire eSupply,Industry,,Hack and Leak ,,Claimed,Cyber Tourfan ,https://t.me/CyberToufanBackup/56,,"rkshire eSupply (Part One) - #OpCyberToufan #OpIsrael

Bismillah..

We have announced, time and time again, that #OpCyberToufan is a cyber operation, not just against the Israeli government, but against all those that have a hand in the killing of our children, the occupation of our land, and the expulsion of our people. Some participate in the killing of our children politically, some through their financing of the genocide, and some through their military support.

Tonight we drop one of our most dangerous leaks to date.. Warren Buffet's multi-billion dollar project Berkshire eSupply (BeS) is a little known company to most of the world. To the industrial world, however, it plays a critical role in the supply chain process of 10s of thousands of major industrial suppliers, distributors, and manufacturers. Among these, are many of the big name culprits, whose hands are drenched in the blood of our children - Lockheed Martin, Raytheon, Northrop Grumman, BAE Systems, General Dynamics, and many others..

Part one of the BeS leaks uncovers sensitive details of these companies, including addresses of many of their publicly known factories for weapons manufacturing - including sites that are used for development of some of their biggest military projects, as well as addresses of their top-secret R&D labs. The leaks also uncover sensitive details on 100s of front companies being used by these ""defense"" manufacturers as well as other top-secret projects for purchasing of equipment. There are also details on 10s of thousands of other major entities - including NASA, SpaceX, and.. all I'm going to say is that searching for ""NUCLEAR"" does not return zero results..

Part two of the BeS leaks, which we have chosen not to publish at this time, will include exact details on every single order made by each of these entities, a window into all of the interesting R&D projects all of these companies are working on.

Interestingly, with all this, Berkshire eSupply has known about the breach for over two weeks (we may have wiped out their systems and backups completely around two weeks ago - they are still trying to figure out how to recover @ berkshireesupply.com). It seems, however, that they've failed to inform any of their clients.. A little worrying if you ask me..

If you're wondering why we're doing this, re-read the first paragraph. We stopped our attacks during the ceasefire. Netanyahu, and standing right behind him, the Biden administration, have chosen to continue on their path of spilling the blood of our children, destruction of our land, and expulsion of our people from the homes of our ancestors.

Links:
https://gofile.io/d/rlYxQ2
https://download.gg/file-16051941_bef84b0d54547fb5
https://clicknupload.cc/3hsmdijjs22p
https://mdy48tn97.com/f/n0dz0jqetlq8x7k
https://doodrive.com/f/v231v2
https://1fichier.com/?xfufvl3fd469sxbaju33&af=62851

Password: @CyberToufan
SHA-1: 2c2a89e2353b3b697648d937e82f4b10bc11b14b

#IsraelLeaks #OpCyberToufan #OpIsrael

https://t.me/CyberToufan",,,,,,,,,
"December 1,2023",Israel Innovation Authority ,Information and Communications,Academic ,Hack and Leak ,"MiniDump has targeting information on over 65,000 Israeli companies conducting R&D across every sector in the Israeli economy. ",Claimed,Cyber Tourfan,https://t.me/CyberToufanBackup/28,,"#IsraelLeaks - Day Four - Leak One - Israel Innovation Authority - #OpCyberToufan #OpIsrael

Bismillah..

Israel Innovation Authority, or what was previously known as the Chief Scientist Office of Israel.. The support arm of the government for fostering industrial R&D in Israel. Companies come to them for their support - not so that their government can put them in a position of vulnerability.

Today's MiniDump has targeting information on over 65,000 Israeli companies conducting R&D across every sector in the Israeli economy. A gold mine for those interested in industrial espionage.

Links:
https://gofile.io/d/weX0eV
https://doodrive.com/f/w92o98
https://download.gg/file-16010311_a549429712b75170
https://mdy48tn97.com/f/wnzr01encdgnep
https://megaup.net/204nc/OpCyberToufan-IsraelLeaks-0x05-IsraelInnovationAuthority.zip
https://clicknupload.vip/4fb4rj1zpp7j

Password: @CyberToufan

https://t.me/CyberToufan",,,,,,,,,
"December 1,2023",MAX Security & Intelligence,"Security, Justice and Legal Affairs",,Hack and Leak ,,Claimed,Cyber Tourfan (https://t.me/CyberToufanBackup/25) Cyber News (https://cybernews.com/security/iran-cyber-toufan-hacked-high-profile-israeli-firms/),https://t.me/CyberToufanBackup/25,Your time in our land is running up. The curse of the 8th decade is knocking on your doors. Best leave before it does.,"#IsraelLeaks - Day Three - Leak Two - MAX Security & Intelligence - #OpCyberToufan #OpIsrael

Bismillah..

The target of tonight's leak is one of Israel's top intelligence and security companies - MAX Security & Intelligence (max-security.com). Much can be said about the complete and utter failure of Israel's ""intelligence"" capabilities. You failed on October 7th when our men came knocking on your doors. You failed again on November 16th and before that when we popped and exfil'd terabytes of data from your government servers and those of half your companies worth mentioning.

But we've been keeping a close eye on you, collecting intelligence on you, and monitoring you for over a decade.

Heck, we've even been monitoring your own intelligence agencies and major players in your own intelligence industry. Enough that we can burn a few just for the fun of it - and to watch the chaos that comes from your occupier population's realization that the safety and security Netanyahu and your government has been promising you - is just a facade. Nothing more. And to let you know that the resistance is everywhere. That we are highly capable. And that we have penetrated your government, intelligence, and military far deeper than you can imagine.

Your time in our land is running up. The curse of the 8th decade is knocking on your doors. Best leave before it does.

Link: https://gofile.io/d/qaR8gK
Password: @CyberToufan",,,,,,,,,
"December 1,2023",NASDAQ: RDWR (cybersecurity organization offering DDoS to 13k Companies),Information and Communications,,Hack and Leak ,,Claimed,Cyber Tourfan (https://t.me/CyberToufanBackup/21) Cyber News (https://cybernews.com/security/iran-cyber-toufan-hacked-high-profile-israeli-firms/),https://t.me/CyberToufanBackup/21,"https://t.me/CyberToufanBackup/20

To all the zionist companies and organisations affected, those that know - and those that are yet to be informed.. Your turn will come, one by one.

Netanyahu has chosen a path of self-destruction. You are just the collateral damage. We will not stop so long as the war continues. It's your choice after all.","#IsraelLeaks - Day Three - Leak One - Radware (Part One) - #OpCyberToufan #OpIsrael

Bismillah..

Today we drop Part One of our Radware leaks. Now Radware (NASDAQ: RDWR) is a cyber security company that claims to be a ""global leader"" in cyber security - offering everything from IPSs to DDOS protection to ""Threat Intelligence"". Trusted and used by many, including (in Israel): the IDF, the Prime Minister's Office, Israeli Air Force, Israel Airport Authority, just to name a few.

Globally, RDWR have more than 13k customers, including Verizon, Paypal, the London Stock Exchange, the Indian Ministry of Home Affairs - Intel Bureau, and thousands of other huge banks and ministries. Go through the leaks for the full list - and find out what service each customer is using and why. On an unrelated note, who knew Colgate - Palmolive got ransomwared by Fancy Bear?

Note: To the global companies with their details published: Doing business with Israeli companies is financing their killing of our children. Do better or don't complain when you get caught up in the mess.

Part One of the RDWR leaks has details on customers, contact details of their liasons, details on services in use and financial details of contracts, plus more. For those sad not to see any creds in this release, we kept that for part two - and more :). The only password we needed to use for this leak was the complex master password Radware seems to use everywhere.. ""Radware123"".

Link: https://gofile.io/d/dl60qu

Password: @CyberToufan123

https://t.me/CyberToufan",,,,,,,,,
"December 1,2023",National Archive MiniDump (personal info of government officials),Public Sector Management,,Hack and Leak ,,Claimed,Cyber Tourfan (https://t.me/CyberToufanBackup/17) Cyber News (https://cybernews.com/security/iran-cyber-toufan-hacked-high-profile-israeli-firms/),https://t.me/CyberToufanBackup/17 ,Iran-linked,"#IsraelLeaks - Day Two - Leak Two - National Archive MiniDump - #OpCyberToufan #OpIsrael

Bismillah..

Tonight we end with a light dump, containing personal information about over 10,000 government employees and researchers from the Government's National Archives server, as well as details about the departments they work in - including that of some Mossad agents ??. There are some interesting inquiries in there for the curious..

Password: @CyberToufan

https://t.me/CyberToufan",,,,,,,,,
"December 1,2023",ACE Hardware ,Industry,,Hack and Leak ,,Claimed,Cyber Tourfan (https://t.me/CyberToufanBackup/9) Cyber News (https://cybernews.com/security/iran-cyber-toufan-hacked-high-profile-israeli-firms/),https://t.me/CyberToufanBackup/9,"https://t.me/CyberToufanBackup/7 

press release on all existing attacks","#IsraelLeaks - Day One - Leak One - ACE Israel - #OpCyberToufan #OpIsrael

Bismillah..

Now.. For our first release we will start with a bit smaller of a target. Israel's ACE Hardware (ace.co.il) knew that they got popped and that the Mujahideen has had every piece of information about all of their customers across their 28 branches in the country for some time now. Where they live, what they order, their names, numbers, and passwords. Even where they logged into their accounts from. But the Netanyahu government asked them to keep it all hush hush ??..

Well.. It looks like The Cyber Toufan will have to be the first to inform their poor customers. Turns out that Falcon sensor did little good in the end.

Size of the SQL dump uncompressed: 16 GB
Links:
https://mega.nz/file/gmBzQApb#6U86yYFWqf3KbQbR42SaspezJd3h8PcRm3k1yg-RVpI
https://gofile.io/d/AB7Vfq
Password: @CyberToufan

#OpCyberToufan is just getting started. Buckle up and enjoy the ride.
https://t.me/CyberToufan",,,,,,,,,
"December 1,2023",Homecenter Israel ,Industry,,Hack and Leak ,,Claimed,Cyber Tourfan (https://t.me/CyberToufanBackup/51) Cyber News (https://cybernews.com/security/iran-cyber-toufan-hacked-high-profile-israeli-firms/),https://t.me/CyberToufanBackup/51,Making Israel and her global financiers open books - making it easier for our resistance to strike. We have published less than 15% of the data we currently have. We are just getting started.. :),"#IsraelLeaks - Day Five - Leak One - Homecenter Israel - #OpCyberToufan #OpIsrael

Bismillah..

Thanks to Netanyahu, #IsraelLeaks is back in action! We're back to making Israel and it's global financial backers open books! We're back to publishing the most personal of details on every occupier living on our lands. We're back to dropping gifts for those that want to avenge the killing of our children and destruction of our lands.

Today we publish the complete database of Homecenter Israel. Homecenter has over 40 branches across Israel, and we will be publishing the complete details of all of their customers: Names, Numbers, Home Addresses, Emails, Passwords, and more! A gift to our resistance, and a gift for all those that will be partaking in the upcoming intifada!

Note: We recommend you keep an eye on this channel. The #IsraelLeaks Operation has one goal: Making Israel and her global financiers open books - making it easier for our resistance to strike. We have published less than 15% of the data we currently have. We are just getting started.. :)

Links:
https://gofile.io/d/lAS4e3
https://clicknupload.cc/q4r6aan4l1ip
https://megaup.net/1kE6k
https://usersdrive.com/n4hvqutl763g
https://turbobit.net/kjifl91qp4w1.html

Password: @CyberToufan
SHA-1: f04498b7b72d69955222357ff498e2f29b2098af

#IsraelLeaks #OpCyberToufan #OpIsrael

https://t.me/CyberToufan",,,,,,,,,
"December 2,2023", Israel Nature and Parks Authority (Ratag),Environment,,Hack and Leak ,,Claimed,Cyber Tourfan (https://t.me/CyberToufanBackup/64) Cyber News (https://cybernews.com/security/iran-cyber-toufan-hacked-high-profile-israeli-firms/),https://t.me/CyberToufanBackup/64,Iran-linked,"Bismillah..

We have a HUGE(!) Israeli Government leak for you all today :).

Government? Tick. MD5 Hashes? Tick. Hundreds of Thousands of Zionist Occupiers Affected? Tick!

We're starting today's leaks with the Israeli Government's Authority for National Parks (aka the Nature and Parks Authority - more well known in Israel as Ratag). Today's drop contains the information of over 350,000 Israelis who entrusted the Netanyahu government with the most personal of their data. The Israeli government then practically handed over all this data to the resistance.

Names, Phone Numbers, Home Addresses, Emails, Hashes, Employers, and more!

The Cyber Toufan continues.. So long as our brothers and sisters in Gaza continue to live under daily bombardment, forced expulsion from their homes, and the occupation of their land, we at Cyber Toufan Al-Aksa will continue to strike, day and night, in public and in secret.. And we're just getting started.. 

Links:
https://gofile.io/d/EPHWJA
https://1fichier.com/?vpysg4weyupuevvq5ir0&af=62851
https://mixdrop.ag/f/qlk3qq63f10gwq
https://download.gg/file-16053853_72804df4ff9520bb

Password: @CyberToufan
SHA-1: 65eec74f9387483529a0c210f975486b17290a48

#IsraelLeaks #OpCyberToufan #OpIsrael

https://t.me/CyberToufan - Backup: https://t.me/CyberToufanBackup",,,,,,,,,
"December 2,2023",The Academic College of Tel Aviv,Education,,Hack and Leak ,,Claimed,Cyber Tourfan (https://t.me/CyberToufanBackup/67) Cyber News (https://cybernews.com/security/iran-cyber-toufan-hacked-high-profile-israeli-firms/),https://t.me/CyberToufanBackup/67,Iran-linked,"#IsraelLeaks - Day Six - Leak Two - The Academic College of Tel Aviv (MTA) - #OpCyberToufan #OpIsrael

Bismillah..

Tonight, we'll end with a light leak, containing the database and source code of the Applicants website for The Academic College of Tel Aviv (applicants.mta.ac.il). The site has been down for the last two weeks after the wipe, but you can still find traces of it on Google and other search engines..

Israel continues to target and kill our academicians, the last of whom was Dr. Sufyan Tayeh (May Allah have mercy on his soul) who was killed earlier today.

Do not feel safe and secure on our land. Know that we will certainly avenge the deaths of our brothers and sisters, one by one.

Links:
https://gofile.io/d/Vi6viv
https://download.gg/file-16055205_6089e36e7c660052
https://mixdrop.ag/f/o70m17jwc6mk4g
https://doodrive.com/f/d8wkvg
https://1fichier.com/?j2vhqktjowy5xvpwz6ay&af=62851
https://clicknupload.cc/tbmxh37stmwa

Password: @CyberToufan
SHA-1: d1153178757599d9c67de9b3c12b4de90de963ed

Latest updates @ https://t.me/CyberToufanBackup / https://t.me/CyberToufan",,,,,,,,,
"December 2,2023",Lumenis,"Medical, Health and Nutrition",,Hack and Leak ,,Claimed,Cyber Tourfan (https://t.me/CyberToufanBackup/71) Cyber News (https://cybernews.com/security/iran-cyber-toufan-hacked-high-profile-israeli-firms/),https://t.me/CyberToufanBackup/71,Iran-linked,"#IsraelLeaks - Day Seven - Leak One - Lumenis - #OpCyberToufan #OpIsrael

Bismillah..

Today we will be publishing the customer database of Lumenis - an Israeli-headquartered global leader in medical technologies, acquired in 2021 for $1.07 billion. Customers of Lumenis include most of the major players in the medical and cosmetic surgery industries globally. The database we are leaking contains the records of over 80,000 clients of Lumenis, including emails, phone numbers, physical addresses, and other details.

Why target a medical technologies company? Netanyahu and his military forces have been bombing hospital of ours after hospital, threatening now to bomb the last remaining hospitals that are still operating! Does he think the resistance and the wider Muslim Ummah of Two Billion will not make Israel and all those occupying our land pay the price in a time ever-nearing?

Know that YOUR continuous murdering of our children and targeting of the most sanctified and innocent of targets (with no limits to your aggression) is doing nothing but recreating the effects Fallujah had on the people of Iraq, and on the wider Muslim Ummah. A global anger in the heart of every young and able Muslim. An anger that will be difficult to extinguish for decades to come. An anger that Netanyahu and Biden are unlikely to live to see the end of, but one which the Israeli constituency and its allies (cheering on  the massacres from afar), will have to accept responsibility for.

Links:
https://gofile.io/d/H6fzqH
https://megaup.net/42A8c
https://turbobit.net/olcrivtdn536.html
https://usersdrive.com/gov6mqpohms4
https://download.gg/file-16057524_adb34c4d94ff9a34

Password: @CyberToufan
SHA-1: f4d07396f28b13a3161d1c88332445e6db72de91

#IsraelLeaks #OpCyberToufan #OpIsrael",,,,,,,,,
"December 4,2023",H&O for Schools,Education,,Hack and Leak ,,Claimed,Cyber Tourfan (https://t.me/CyberToufanBackup/77) Cyber News (https://cybernews.com/security/iran-cyber-toufan-hacked-high-profile-israeli-firms/),https://t.me/CyberToufanBackup/77,Iran-linked,"Bismillah..

Earlier today, the Israeli forces bombed a school in Beit Lahiya, in which many families had also gone to, seeking refuge from all of the bombing and destruction. Since the beginning of the campaign, over 6,000 of our children have been murdered by the occupation forces and its allies.

Do the people of Israel and the leaders of the Global North not realize the dangerous precedent they are setting for themselves, by standing wholly behind this genocide in Gaza, and allowing the unconstrained murder and destruction to continue?

Our 14th leak of #IsraelLeaks includes the personal information of all those who have registered on the Back2School website of H&O (still offline @ school.h-o.co.il), including their Names, Numbers, Home Addresses, Emails, and Hashes (passwords).

We warn you: Netanyahu's brutal operations in Gaza is not making Israel a safer place for you and your family. It is only setting the stage for something far worse to come.

Links:
https://gofile.io/d/ItEPgA
https://turbobit.net/eoi9iz6qxd6i.html
https://clicknupload.click/92q7l2jnlcbu
https://download.gg/file-16061171_20cc2762899c2afc

Password: @CyberToufan
SHA-1: a4f010026a4ccd4626f5d78a9542d9c4200377eb",,,,,,,,,
"December 4,2023",Israeli Ministry of Health,"Medical, Health and Nutrition",,Hack and Leak ,,Claimed,Cyber Tourfan (https://t.me/CyberToufanBackup/80) Cyber News (https://cybernews.com/security/iran-cyber-toufan-hacked-high-profile-israeli-firms/),https://t.me/CyberToufanBackup/80,"We have a clear message to those in the Israeli MoH: If you do not want to see your personal details in future leaks, petition your government to stop with the targeting of our hospitals, doctors, and patients! If you do not want to be targeted as our medical professionals are being targeted by your government, you need to speak out and have your government stop the killing of our medical professionals!","Bismillah..

After targeting humanitarian shelters and hospitals, the Netanyahu government is now individually targeting our doctors and medical professionals, invading our hospitals and killing them within it!

Know that we will not submit to you, and that your time on our land is running out. The response to these crimes will make October 7th look like child's play.

As you target.. who you target.. what you target.. we will too. And you must not blame on that day but your own selves.

An eye for an eye and a tooth for a tooth.

Tonight's release will be one of many we will be releasing from the Ministry of Health. Know that as you target our hospitals and health systems, you legitimize your own to be targeted. As you target our medical professionals and researchers, you put the lives of your own medical professionals in jeopardy.

Tonight's release includes information on thousands of medical trials happening inside Israel, as well as the personal information of over 2,000 doctors, medical professionals, researchers, and employees affiliated with the Ministry of Health.

We have a clear message to those in the Israeli MoH: If you do not want to see your personal details in future leaks, petition your government to stop with the targeting of our hospitals, doctors, and patients! If you do not want to be targeted as our medical professionals are being targeted by your government, you need to speak out and have your government stop the killing of our medical professionals!

Links: 
https://gofile.io/d/LnPq5p
https://turbobit.net/32n4w5fxe0za.html
https://download.gg/file-16062707_4f0f52e5c950eaa8
https://usersdrive.com/mq0wfgw2ez7a

Password: @CyberToufan
SHA-1: 420b6db2442b1fa45cfa5583d0ce5b3d009b0986

https://t.me/CyberToufanBackup / https://t.me/CyberToufan",,,,,,,,,
"December 4,2023",SodaStream,Industry,,Hack and Leak ,,Claimed,Cyber Tourfan(https://cybernews.com/security/iran-cyber-toufan-hacked-high-profile-israeli-firms/)  Cyber News (https://cybernews.com/security/iran-cyber-toufan-hacked-high-profile-israeli-firms/),https://t.me/CyberToufanBackup/88,PICTURE OF PROTESTORS,"#IsraelLeaks - Day Nine - Leak Two - SodaStream - #OpCyberToufan #OpIsrael

Bismillah..

The multi-billion dollar Israeli company SodaStream, a subsidiary of PepsiCo, has a long and well known history of supporting extremist settler movements. The Global BDS Movement has been campaigning against SodaStream for 15+ years for such reasons.

Tonight we publish a customer database of SodaStream with the personal details of over 100,000 Israeli customers of theirs, including their Names, Email Addresses, Phone Numbers, Home Addresses, and more!

We at Cyber Toufan will continue our strikes against all companies supporting the occupation and aiding in the ongoing genocide in Gaza, so long as the war continues.

#BoycottDivestSanctionHack!

Links: 
https://turbobit.net/5my5xja8y4z7.html
https://gofile.io/d/7SXqhn
https://usersdrive.com/4r1qsw1ecits
https://clicknupload.click/domf69fxnmu6

Password: @CyberToufan
SHA-1: 94506cc71c21ca5f84eecd7966e79bfdb74a5ea4

https://t.me/CyberToufanBackup / https://t.me/CyberToufan",,,,,,,,,
"Decembber 11,2023",Novolog Israel,"Medical, Health and Nutrition",,Hack and Leak ,,Claimed,Cyber Tourfan (https://t.me/CyberToufanBackup/136) Cyber News (https://cybernews.com/security/iran-cyber-toufan-hacked-high-profile-israeli-firms/),https://t.me/CyberToufanBackup/136,"
We are Anonymous Global. 
We are the voice of the voiceless. 
We DO NOT FORGIVE.
We DO NOT FORGET.
Expect us!","#IsraelLeaks - Day Fifteen - Leak One - Novolog Israel (novolog.co.il) - #OpCyberToufan #OpIsrael

Bismillah..

We have a hot leak today, we are publishing for you the complete database approximately 15 GB, for the Israeli medical supplies and health care company Novolog Group https://www.novolog.co.il. 
The clean database contains complete information for the company’s employees, individual customers, and also customers from pharmacies, and private and governmental medical sector that they work with it. It also contains purchase orders and much more.
As we told you, we will make the population of the occupying state as an open book for the resistance armies. 
I wonder if the database contains some personal details of senior officers in the IDF? Find out for yourself.

Links:
https://gofile.io/d/uQt3v9
https://clickndownload.org/sdvagihf9bdf
https://1fichier.com/?y2p6qni2b30zexuejq1z&af=62851
https://mdbekjwqa.pw/f/6q1keve3uj8oo1

Password:
@CyberToufan
SHA-1: 22e550415224f7008cc183bae3bf1",,,,,,,,,
"Decembber 11,2023",Brother Israel,Industry,,Hack and Leak ,,Claimed,Cyber Tourfan (https://t.me/CyberToufanBackup/202) Cyber News (https://cybernews.com/security/iran-cyber-toufan-hacked-high-profile-israeli-firms/),https://t.me/CyberToufanBackup/202,Iran-linked,"#IsraelLeaks - Day Nineteen - Leak Two - Brother Israel (brother.co.il) - #OpCyberToufan #OpIsrael

Bismillah..

Brother, at the side of those committing genocide..

We've marked Brother Industries, Israel, with our red triangle. ??

Brother is one of Israel's largest providers of home and business printing-publishing products. Brother Ltd. not only turned its eyes away from the genocide in Gaza, but participates in the genocide itself through funding the IOF with millions of shekels in tax.

They go on and on about the environment and recycling. What about all the blood being spilt in Gaza and the basic human rights of Gaza's children? Do they matter? Or has profit been the only thing to matter to Brother Industries?

Tonight we leak the complete DB of Brother Israel's website (brother.co.il), with details of over 11k customers.

Links:
https://gofile.io/d/x0uzUd
https://turbobit.net/1uzh9yydqyuc.html
https://usersdrive.com/m8gi4nknsdxf

Password: @CyberToufan
SHA-1: 9e6e11f1b63957a5dc588eb010b3e50cfa65132",,,,,,,,,
"Friday, December 1, 2023",ISCAR Ltd. ,Industry,Supplies metalworking equipment and tooling to the majority of Israel's military-industrial complexsupplies metalworking equipment and tooling to the majority of Israel's military-industrial complex,Wipe,"On the 16th of November, Cyber Toufan wiped out over 300 databases and 50 servers belonging to ISCAR, the majority used as part of their backend systems for management of ISCAR's supply chains, and others used as part of joint projects ISCAR has with other companies.",Claimed,Cyber Tourfan (https://cybernews.com/security/iran-cyber-toufan-hacked-high-profile-israeli-firms/) Cyber News (https://cybernews.com/security/iran-cyber-toufan-hacked-high-profile-israeli-firms/),https://t.me/CyberToufanBackup/46,"https://t.me/CyberToufanBackup/48
The Netanyahu government has announced the resumption of their aggressions, following what can be at best described as a shoddy false flag attack. Our brothers are not the ones with a 3,000+ year history of breaking their oaths, and our brothers are also not ones to fire a single rocket by itself.

We at Cyber Toufan Al-Aksa announce the resumption of our strikes against the Israeli government, economy, and against Israel's global financial backers. We will continue to strike against all who play a role in the killing of our children and occupation of our land, whether that support be financially or otherwise.

We call on our brothers and sisters globally, especially our strong Muslim Ummah of two billion, to join the ranks in striking the enemy in every way possible! Let those whom Allah has gifted with skills and resources not stand in front of Allah without an answer to give.","ISCAR Ltd. | Operation Cyber Toufan

The Israeli ISCAR Ltd. (Est. 1952) is another one of Mr. Buffet's investments into the genocidal state of Israel. ISCAR employs over 12,000 Israelis and was valuated at $10 billion in 2013. ISCAR supplies metalworking equipment and tooling to the majority of Israel's military-industrial complex, taking part in the murder of our children and the destruction of our land.

On the 16th of November, Cyber Toufan wiped out over 300 databases and 50 servers belonging to ISCAR, the majority used as part of their backend systems for management of ISCAR's supply chains, and others used as part of joint projects ISCAR has with other companies.

CyberToufan is closely monitoring the ongoing negotiations on the ceasefire. ISCAR stands to have its sensitive data and supply chain secrets leaked if an agreement isn't reached by the two sides tonight, along with 150 other Israeli companies and MNCs backing the occupation.

#OpCyberToufan #OpIsrael #IsraelLeaks",,,,,,,,,
"Friday, December 1, 2023",Shefa Online ,Industry,,Wipe ,Enjoy this dump of all of Shefa Online's customers and purchases for now. We've got some fun leaks in line these next few days.Enjoy this dump of all of Shefa Online's customers and purchases for now. We've got some fun leaks in line these next few days.,Claimed,Cyber Tourfan (https://t.me/CyberToufanBackup/14) Cyber News (https://cybernews.com/security/iran-cyber-toufan-hacked-high-profile-israeli-firms/),https://t.me/CyberToufanBackup/14,,"#IsraelLeaks - Day Two - Leak One - Shefa Online - #OpCyberToufan #OpIsrael

Bismillah..

Looks like ""Shefa Offline"" (shefa-online.co.il) has been undergoing some ""yearly maintenence"" these last few days. Wonder if that has anything to do with some cyber attacks last week that may have just completely wiped out their systems (and their backups too). Yeah those same attacks that ""haven't been happening"" according to the Israeli spokesperson for their National Cyber Security Bureau.

Does Netanyahu need to rethink his strategy? Hopefully this talk of ceasefire doesn't go anywhere as we haven't even brought out the big fish yet. You know.. the ones that'll send some stock prices tumbling (*hint hint*).

Enjoy this dump of all of Shefa Online's customers and purchases for now. We've got some fun leaks in line these next few days.

Links:
https://mega.nz/file/kjgywaIQ#FUpsWjdPJrCHo3PUKCwJ2JpQ0B7Wu9s6DVQR7WwE6uk
https://gofile.io/d/oZVXBK
Password: @CyberToufan

https://t.me/CyberToufan",,,,,,,,,
"Friday, December 1, 2023",Toyota Israel ,Transportation,,Wipe ,,Claimed,Recorded Future (https://therecord.media/cyber-toufan-data-breaches-israel-iran-palestinians),,,"#IsraelLeaks - Day Seven - Leak Two - Toyota Israel - #OpCyberToufan #OpIsrael

Bismillah..

Tonight's leak is a smaller database belonging to Toyota Israel, with orders that have come in through their online website online.toyota.co.il. The full database will not be published at this time.

We had wiped and defaced their website two weeks ago, after having exfiltrated the complete database. Archived link: https://archive.is/online.toyota.co.il

Any business involved in financing the genocide of our children is in the scope of Cyber Toufan.

Links:
https://gofile.io/d/Q0tDUf
https://turbobit.net/i5crpv5uidsr.html
https://usersdrive.com/0fuhmp455qtk
https://clicknupload.click/tbn7c7yhjewk

Password: @CyberToufan
SHA-1: 35686ed3ea28eef88878bfbb2c7dfd72bea601f5

#IsraelLeaks #OpCyberToufan #OpIsrael

Latest @ https://t.me/CyberToufanBackup / https://t.me/CyberToufan",,,,,,,,,
"Tuesday, November 21, 2023",Ikea,Industry,,Hack and Leak ,,Claimed,Cyber Tourfan (https://t.me/CyberToufanBackup/79) Recorded Future (https://therecord.media/cyber-toufan-data-breaches-israel-iran-palestinians),https://t.me/CyberToufanBackup/79,,"They took their time to publish a statement on the breach (leak dropped on Nov 21st).

But really Ikea Israel? You want to claim you are using the most strict measures and advanced technologies to secure your customers' data, while your 400k users had their passwords stored in your database as MD5 hashes?

Completely unsalted too.. (just like your food!)

?? ???? ?? ???? ??? ????? ????? ?? ????? (?????? ?? ?????? ?-21 ???????).

??? ???? ????? ?????? ??? ???? ????? ???? ????? ??????? ???????? ????? ???????????? ??????? ??? ????? ?? ????? ??????? ???, ???? ??-400,000 ???????? ??? ????? ???????? ???? ???? ??????? ??? ?-hash MD5?

?? ????? ?? ????.. (????? ??? ????? ???!)",,,,,,,,,
"Wednesday, December 6, 2023","Toys ""R"" Us Israel ",Industry,,Hack and Leak ,,Claimed,Cyber Tourfan (https://cybernews.com/security/iran-cyber-toufan-hacked-high-profile-israeli-firms/) Cyber News (https://cybernews.com/security/iran-cyber-toufan-hacked-high-profile-israeli-firms/),https://t.me/CyberToufanBackup/97,,"#IsraelLeaks - Day Ten - Leak One - Toys ""R"" Us Israel - #OpCyberToufan #OpIsrael

Bismillah..

Over 6,600 of our children have now been murdered by Netanyahu and the Israeli occupation forces. All this while the Israeli constituency, those that brought Netanyahu into power in the first place, cheer on the murder of our children.

Do you think that you are achieving safety and security, for you and your children, through your indiscriminate bombings in Gaza? Have you forgotten that the curse of the eighth decade is knocking at your doors, and that the resistance is only growing stronger - no matter what you do?

Today's leak is more data for those on the ground preparing for the next Intifada. The personal details of over 160,000 Israelis from the well known company Toys ""R"" Us Israel, including: Names, Home Addresses, Phone Numbers, Emails, Hashes, etc. How Israelis have this much confidence in handing over all their personal details to these E-Commerce sites, we still don't understand.. But hey, we're not complaining.. :)

Links: 
https://usersdrive.com/gyc8r0aru6ma
https://gofile.io/d/3EUdHb
https://turbobit.net/1tau5iyjzer1.html
https://download.gg/file-16069772_9b6f53cdc41cfc3f

Password: @CyberToufan
SHA-1: a1b7ce20a62c7726e489ca32e05c64fbfc3b6010

https://t.me/CyberToufanBackup / https://t.me/CyberToufan",,,,,,,,,
"Wednesday, December 6, 2023",amel Grinding Wheels (CGW),Industry,,Hack and Leak ,,Claimed,Cyber Tourfan (https://cybernews.com/security/iran-cyber-toufan-hacked-high-profile-israeli-firms/) Cyber News (https://cybernews.com/security/iran-cyber-toufan-hacked-high-profile-israeli-firms/),https://t.me/CyberToufanBackup/102,,"#IsraelLeaks - Day Ten - Leak Two - Camel Grinding Wheels (CGW) - #OpCyberToufan #OpIsrael

Bismillah..

Our final leak for the day is a mini leak for Camel Griding Wheels (CGW), containing the database of their no-longer-functioning website www.cgwcamel.com.

CGW is Israel's ""only abrasives manufacturer"", and has been in operation for over 60 years, generating an annual revenue of ~$60 million selling grinding wheels.

We're publishing a smaller database tonight, just so the little guys don't feel left out.. And so you can all get a rest before tomorrow's leaks :)

Links:
https://usersdrive.com/7bdp5icr2det
https://gofile.io/d/LDs0WK
https://download.gg/file-16071904_56b33ba0f8e4a648
https://turbobit.net/16zn843rmqxh.html

Password: @CyberToufan
SHA-1: c31eb8ec4be6a5a8fc9ff00bf9eb58a7fe7b0049

https://t.me/CyberToufanBackup / https://t.me/CyberToufan",,,,,,,,,
"Thursday, December 7, 2023",RESERVED,Industry,,Hack and Leak ,,Claimed,Cyber Tourfan (https://t.me/CyberToufanBackup/105),https://t.me/CyberToufanBackup/105,,"Bismillah..

We start today by publishing the complete database of Israel's branch of RESERVED, the globally famous fashion chain. The database belongs to their e-commerce website (https://reserved-il.com), and contains the personal information of all of their online customers, including their Names, Phone Numbers, Home Addresses, Email Addresses, Passwords (Hashes), and more.

As with the previous databases we've leaked, the RESERVED Israel database also contains home addresses and personal details of employees in high positions in the Israeli government, including in the Prime Minister's Office, the Knesset, Israel Police, among others..

It must be unfortunate for Reserved's customers that we at Cyber Toufan be the first to inform them.

So long as the war and indiscriminate bombings continue, we at Cyber Toufan will continue to strike day and night, in public and in secret. After all, #IsraelLeaks still has 70% to go..

Links:
https://usersdrive.com/cjrz9sa1blc2
https://gofile.io/d/YEXTCt
https://turbobit.net/oz32qzefjaln.html
https://download.gg/file-16074287_226e400045d62de3

Password: @CyberToufan
SHA-1: e1fb9088a50d65eca5407d41abed0a8d63f62ea1

https://t.me/CyberToufanBackup / https://t.me/CyberToufan",,,,,,,,,
"Thursday, December 7, 2023",SEACRET Australia,Industry,,Hack and Leak ,,Claimed,Cyber Tourfan (https://t.me/CyberToufanBackup/107),https://t.me/CyberToufanBackup/107,,"#IsraelLeaks - Day Eleven - Leak Two - SEACRET Australia - #OpCyberToufan #OpIsrael

Bismillah..

Our final leak for the night relates to the Israeli-American cosmetics company Seacret, for which we will be leaking the database of it's no longer functioning Australian e-commerce site (https://seacretspa.com.au), including the details of all of it's Australian customers (emails, passwords, phone numbers, home addresses, etc.).

We have announced, time and time again, that any company that involves itself in the financing of the ongoing genocide, is a valid and legitimate target of the Cyber Toufan. Netanyahu and the Israeli military have, to this day, murdered over 7,000 of our children, and have spared no category of targets in their bombings - hospitals, schools, humanitarian shelters, etc. 

All this and the Western World and its leadership not only remain silent on the war crimes, but also directly support the ongoing massacres through their political, financial, and even on-the-ground military support - as we are seeing with the involvement of American and British forces.

Do not think that all those complicit will not pay the price of their complicity.

????? ??????????? ??????? ????????? ?????? ???????? ?????????????? ? ???????? ????????????? ????????? ???????? ????? ????????????? (??)

""Do not think Allah is heedless of the evil deeds in which the evil-doers are engaged. He is merely granting them respite until a Day when their eyes shall continue to stare in horror."" (Quran 14:42)

Links:
https://usersdrive.com/1q7z79hnh0h6
https://megaup.net/3mNXU
https://gofile.io/d/9HHHPl
https://download.gg/file-16075376_db7b730795580c9d

Password: @CyberToufan
SHA-1: 8e0c2f9f200b04d3ac11d94e2c804ded8801ffd8

https://t.me/CyberToufanBackup / https://t.me/CyberToufan",,,,,,,,,
"Friday, December 8, 2023",Carter's-Oshkosh Israel ,Industry,,Hack and Leak ,,Claimed,Cyber Tourfan (https://t.me/CyberToufanBackup/113) ,https://t.me/CyberToufanBackup/113,,"Bismillah..

Our first leak for the day is the complete database of Carter's-Oshkosh Israel (www.cartersoshkosh.co.il). The data contains the full personal details of over 100,000 Israelis, including their Names, Phone Numbers, Home Addresses, Emails, Passswords (Hashes), and details of every order and sale!

The data contains the personal details (home addresses, phone numbers, etc.) of thousands(!) of Israeli soldiers and high-positioned employees of the Israeli government (ex. More than 15 Members of Staff from Netanyahu's personal office (PMO)!).

They continue to bomb and murder our innocent children, and feel no shyness while they dress up their own innocent children. Oh enemies of Allah, wait in your homes for a time ever-nearing! Those supporting the indiscriminate bombing will certainly pay the price of their complicity, one by one!

To our brothers working on the cyber front: Carter's has today informed all of their customers of the breach. We recommend making use of the credentials ASAP, while they are still valid.

To our brothers working on the military front: It is easier to change a password than it is to change the address of one's home. Continue on your path. We will continue leaking the most personal of details on every citizen of Israel, and continue supporting those that want to avenge the deaths of our children.

Links:
https://usersdrive.com/c30h15461ntd
https://gofile.io/d/BlsvAB
https://download.gg/file-16077975_575617289ebc51d2
https://clicknupload.click/5slvpgq7wwg8
https://megaup.net/2GSB9

Password: @CyberToufan
SHA-1: 66f9fac1ce5cffd9358b82517eacdd2a512dfa75

https://t.me/CyberToufanBackup / https://t.me/CyberToufan",,,,,,,,,
"Friday, December 8, 2023",Hagarin,Industry,,Hack and Leak ,,Claimed,Cyber Tourfan (https://t.me/CyberToufanBackup/117) ,https://t.me/CyberToufanBackup/117,,"


#IsraelLeaks - Day Twelve - Leak Two - Hagarin (??????) - #OpCyberToufan #OpIsrael

Bismillah..

Our second leak for the day is the database of the e-commerce website of the Israeli agricultural supplies company, Hagarin, which has 37 branches across the occupied territories. Hagarin claims to have been founded in 1896, after the founders were accepted as refugees into the Palestinian Muslim lands, fleeing persecution from the Europeans.

Now their children actively participate in the persecution of the children of those who welcomed them. But they must know by now that their occupation of our lands, the occupation of Muslim lands, is not one that they will succeed at without facing continuous resistance. Our forefathers resisted, we resist, and our children will resist. And our Muslim Ummah of two billion stands behind us. We will continue to resist until the day that our Masjid Al Aqsa is free, our land is free, and our olive trees bloom again.

Links:
https://usersdrive.com/rw5wosggujgz
https://gofile.io/d/OXJ9TP
https://turbobit.net/8e6rp4wp3199.html
https://download.gg/file-16078913_0447a94c42b212a4

Password: @CyberToufan
SHA-1: 8a94d71816fc501012071410fdabbe671b26227e

https://t.me/CyberToufanBackup / https://t.me/CyberToufan",,,,,,,,,
"December 9,2023",H&O Fashion,Industry,,Hack and Leak ,,Claimed,Cyber Tourfan (https://t.me/CyberToufanBackup/119) Cyber Express (https://thecyberexpress.com/cyber-toufan-cyberattack/),https://t.me/CyberToufanBackup/119,,"#IsraelLeaks - Day Thirteen - Leak One - H&O Fashion (h-o.co.il) - #OpCyberToufan #OpIsrael

Bismillah..

Our first leak for the day is the complete database of the e-commerce website for the famous Israeli company H&O Fashion (h-o.co.il), including Names, Phone Numbers, Home Addresses, Emails, Passwords (Hashes), and more. H&O Israel yields an annual revenue of over $100 million, and is one of Israel's most popular fashion-retail chains.

H&O informed their customers of the breach two days ago, so we recommend our brothers working on the cyber front against the occupation to quickly make use of the data before users change their passwords. But don't worry, we still have more coming :).

As always, we remind everyone that CyberToufan will continue to strike the enemy daily, in ways you see, and in ways you don't. So long as our brothers and sisters are facing constant bombardment, destruction of their homes, and attempts to expel them from their land, we will continue striking and destroying the enemy in cyberspace.

Links:
https://usersdrive.com/am6m7o580rpb
https://gofile.io/d/7lfwXf
https://download.gg/file-16081206_5ad5cb11b1645448
https://megaup.net/1l05s
https://clicknupload.click/ldukj5pvpybs

Password: @CyberToufan
SHA-1: 92ea21e970e3d79ece61028e5d3d51d976651523

https://t.me/CyberToufanBackup / https://t.me/CyberToufan",,,,,,,,,
"December 9,2023",Osem,Industry,,Hack and Leak ,,Claimed,Cyber Tourfan (https://t.me/CyberToufanBackup/121),https://t.me/CyberToufanBackup/121,,"#IsraelLeaks - Day Thirteen - Leak Two - Osem Israel (osem-nestle.co.il) - #OpCyberToufan #OpIsrael

Bismillah..

The second leak for today is the database of the website of the famous Zionist food company Osem, which is currently owned by Nestle. Why do we attack Osem? In addition to its absolute support for the Zionists and the Israeli army, one of the company's directors admitted that they put substances that cause cancer in the food that goes to the Palestinian people! The Zionists have been planning and working on the ethnic extermination of the Palestinians for a long time, not just these days. Cancer rates have increased significantly in the last decade.
The leak includes hundreds of personal data of company employees, emails, usernames and passwords

Links:

https://mdbekjwqa.pw/f/j9o04e4eigl0g1
https://1fichier.com/?deme3jqipobugrh79dpy&af=62851
https://clickndownload.org/t20tbu1pkbtk
https://gofile.io/d/EwAHhv

Password: @CyberToufan
SHA-1: 879ca8ed35bdc0ad0bcc583077f549ca0c1b9489",,,,,,,,,
"December 10,2023",Bermad Israel,Industry,,Hack and Leak ,,Claimed,Cyber Tourfan (https://thecyberexpress.com/cyber-toufan-cyberattack/) Cyber Express (https://thecyberexpress.com/cyber-toufan-cyberattack/),https://t.me/CyberToufanBackup/128,"https://t.me/CyberToufanBackup/131

calling for a strike ","#IsraelLeaks - Day Fourteen - Leak One - Bermad Israel - #OpCyberToufan #OpIsrael

Bismillah..
As you know, the Zionists are preventing the entry of everything to the Palestinians now, including food, medicine, and even water, and people there were forced to drink polluted water. For this reason, we at CyberToufan have attacked the largest company specialized in water systems in the state of dark ""Israel"", Bermad Water Control Solutions. https://www.bermad.com is one of the largest companies in the world in this field.
Let the zionists and their supporters go to hell.

Links:
https://mdbekjwqa.pw/f/1v7r07o1ike1g8q
https://clickndownload.org/yudz72hnbl0e
https://gofile.io/d/KZwPIr
https://download.gg/file-16084845_088f97f9c2bfe8a0

password:
@CyberToufan
SHA-1: cc32a79d50537277f4a27555abd1e2cf6f1b35e5

https://t.me/CyberToufanBackup / https://t.me/CyberToufan",,,,,,,,,
"December 10,2023",ZapGroup Israel,Information and Communications,,Wipe,,Claimed,Cyber Tourfan (https://t.me/CyberToufanBackup/133),https://t.me/CyberToufanBackup/133,,"#IsraelLeaks - Day Fourteen - Leak Two - ZapGroup Israel (zapgroup.co.il) - #OpCyberToufan #OpIsrael

Bismillah..

We have a small leak tonight, which is the complete database of ZAP GROUP https://wwww.zapgroup.co.il. The company boasts of providing website development services to other companies with high efficiency. We find their lie very clear! We accessed their servers and databases, and  wiped some of their clients' websites as well.

Links:
https://clickndownload.org/2uhy027tnm51
https://1fichier.com/?bvx2obhpu3bdn1mvu39x&af=62851
https://www.mediafire.com/file/ncq5z6kqkz5m2p8/OpCyberToufan-IsraelLeaks-0x20-ZapGroup.zip/file
https://download.gg/file-16085657_6fda673900577509

Password: @CyberToufan
SHA-1: bd486bd6151631753ad27b40517ae380865244db

https://t.me/CyberToufanBackup / https://t.me/CyberToufan",,,,,,,,,
"december 11,2023",Semicom,Industry,,Hack and Leak ,,Claimed,Cyber Tourfan (https://t.me/CyberToufanBackup/146),https://t.me/CyberToufanBackup/146,,"#IsraelLeaks - Day Fifteen - Leak Two - Semicom (semicom.co.il) - #OpCyberToufan #OpIsrael

Bismillah..

After we released tons of databases from different Israeli chain stores: HomeCenter, Shefa Online, Ikea, ACE Hardware and others.
Today we have another gift for you. We give you another store: Semicom https://semicom.co.il

This release includes the complete database, including users data, Passwords (Hashes), and many more..

As we said, we will make occupying state's population as an open book for the resistance armies and for the whole world to see.
 
The CyberToufan Cyber warriors managed to hack into so many Israeli websites and they leak the data every single day!

Links:
https://gofile.io/d/GFnWv9
https://download.gg/file-16088774_11a41bcfbdc5b457
https://clickndownload.org/7ollwws608d6
https://mdbekjwqa.pw/f/gnvp8618ujrorz

Password: @CyberToufan
SHA-1: bcd1d049733c7a9ab3c58aaa6d2179e3f03f5218

https://t.me/CyberToufanBackup / https://t.me/CyberToufan",,,,,,,,,
"december 12,2023",kravitz,Industry,,Hack and Leak ,,Claimed,Cyber Tourfan (https://t.me/CyberToufanBackup/154),https://t.me/CyberToufanBackup/154,"It is interesting that less than a month after Cyber Toufan were the first to inform (and then show) the Israeli public that the resistance found a second home in their government's networks and servers, the Israeli public have now agreed to allow Netanyahu to collect and store far more personal data of them. ??

We in the resistance have been siphoning your citizens' data from most of the branches of your government, including:
- Your State Payment Gateway
- Your State Archive
- Your Israel Securities Authority
- Your Ministry of Health
- Your Israel Innovation Authority
- Your Nature and Parks Authority

One by one your government abashedly admits to the compromise of these systems. And these are just the systems our leaders permitted us to burn our access to, wiping then leaking some of the data from them.

Do you really think these are the only government systems we have been having access to? Do you really think we don't know the ins and outs of Memshal Zamin (???? ????) and The Tehila Project (????""?), like the backs of our own hands? 

Let us be the first ones to inform you (once again!):

We know your government networks far better than your government's incompetent sysadmins do. ??

https://t.me/CyberToufanBackup/160","#IsraelLeaks - Day Sixteen - Leak One - kravitz (kravitz.co.il) - #OpCyberToufan #OpIsrael

Bismillah..

BiBi... missed us? Naahhh, we will not do this to you :)
You said you will control Gaza after the military op?! We're eager to see how you'll do this while you can't protect your country from our cyber attacks.
Oh sorry! we forgot you brag a lot because you're an untreatable maniac! No wonder your shrink commited suicide! We're sure he is R.I.P now.  

Today we have another surprise for you. We've decided to mark with our beloved RED triangle one of the oldest companies in Israel, which supplies and distributes stationery to more than 7,000 companies, institutions and businesses and it is one of the largest in the Israeli economy: kravitz https://www.kravitz.co.il/

This release includes the complete database, including users data, Passwords (Hashes), and many more..

Asking why we chose to attack this stationary business? Remember the IDF soldier in the small stationary shop in Gaza who was breaking things and messing with it! You know the answer now. Yup! we've took his revenge... ""We do not forget"" is part of our slogan. 

We will continue monitoring your IDF losers' behaviour on the ground. 

The CyberToufan Cyber warriors managed to hack into so many Israeli websites and they leak the data every single day!

Links:
https://gofile.io/d/GFnWv9
https://download.gg/file-16088774_11a41bcfbdc5b457
https://clickndownload.org/7ollwws608d6
https://mdbekjwqa.pw/f/gnvp8618ujrorz

Password: @CyberToufan
SHA-1: bcd1d049733c7a9ab3c58aaa6d2179e3f03f5218

https://t.me/CyberToufanBackup / https://t.me/CyberToufan",,,,,,,,,
"December 13,2023",Biopet,Industry,,Hack and Leak ,,Claimed,Cyber Tourfan (https://t.me/CyberToufanBackup/163),https://t.me/CyberToufanBackup/163,,"#IsraelLeaks - Day Sixteen - Leak Tow - Biopet  (biopet.co.il) - #OpCyberToufan

Bismillah..

BiBi... Before wishing you a bad night, we have something for you. 
You think you can kill the animals of Gaza and let them die starving and we take no action about this? Naaahh
I think you know exactly what have you done to Gaza Zoo, which we think you will be in one of its cages soon and our children throw you with bananas. 
We've decided to mark with our beloved RED triangle BioPet Ltd. which is an Israeli business pet foods, accessories and dietary supplements.
This release includes the complete database and its B2B customers and much more. 

We will continue monitoring your IDF losers' behavior on the ground, and the stupid commanders sitting behind fancy desks. 

Links:
https://gofile.io/d/qku0f7
https://1fichier.com/?4q2a07dhd4ef4w3gkyly&af=62851
https://mdbekjwqa.pw/f/rwlr0jmkaleq6l

Password: @CyberToufan
SHA-1: 8e800f6652f20f752d7287585e02b3a5e8980d96
https://t.me/CyberToufanBackup / https://t.me/CyberTofan",,,,,,,,,
"December 13,2023",GS1 Israel,Information and Communications,,Hack and Leak ,,Claimed,Cyber Tourfan (https://t.me/CyberToufanBackup/169),https://t.me/CyberToufanBackup/169,,"#IsraelLeaks - Day Seventeen - Leak One - GS1 Israel  (gs1il.org) - #OpCyberToufan #OpIsrael

Bismillah..

Together you will lose! 
We are picky in choosing our targets, but as GS1 Israel decided to raise the Israeli flag on their site header saying ""Together we will win!"", then they should pay the price!
We've decided to mark with our beloved RED triangle GS1 Israel (gs1il.org).

GS1 Israel works hard in regulating the international standards to identify companies and their products and services and always looking for a better econmoy solutions while motivating the disruption of the economical situation in Gaza and whole Palestine. 
This release includes a SAMPLE of suppliers, retailers , hq users , yet more to come if you keep your header..
We will keep attacking the Israeli economy as far as ours is being destroyed. 

Well, let us make it clear, Together you will lose! 

https://t.me/CyberToufanBackup / https://t.me/CyberToufan",,,,,,,,,
"December 13,2023", Audi Dagan Insurance Agency Ltd,"Finance, Management and Administration",,Hack and Leak ,,Claimed,Cyber Tourfan (https://t.me/CyberToufanBackup/174),https://t.me/CyberToufanBackup/174,,"#IsraelLeaks - Day Seventeen - Leak Two - Audi Dagan Insurance Agency Ltd. (udidagan.co.il) - #OpCyberToufan #OpIsrael

Bismillah..

You are not secured after all...LOL

Tonight we uncover a sample list covering ONLY the customers for a well known Israeli insurance company. You know it's night and we won't like to keep threat hunters and security analysts up! Too much caffeine is not good for your health after all.   ??

We've decided to mark Udi Dagan Insurance Agency Ltd. (udidagan.co.il) with our beloved RED triangle. ??????
Udi Dagan lists in their site that ""We are doing a small renovation, we will be back soon!"" Well, we don't think it will be very soon...

It is not just the government and the IDF who keeps telling lies, also the companies who should be taking care about your lives lie too. 

We will keep attacking the Israeli companies as far as ours are being destroyed. 

https://t.me/CyberToufanBackup / https://t.me/CyberToufan",,,,,,,,,
"December 14,2023", Scope Metals Group Ltd,Industry,,Hack and Leak ,,Claimed,Cyber Tourfan (https://t.me/CyberToufanBackup/194),https://t.me/CyberToufanBackup/194,,"#IsraelLeaks - Day Eighteen - Leak Two - Scope Metals Group Ltd, Israel (scope.co.il) - #OpCyberToufan #OpIsrael

Bismillah..

Old, but gold!

This night we've decided to mark Scope Metals Group Ltd, Israel (scope.co.il) with our beloved RED triangle. ????

Scope Metals Group is a large service and distribution center, with a wide range of over 80,000 products.

Although the data is not considered brand new, but we are leaking more than 10K of interesting records!

Actually this is just a warm up, if war on Gaza continues, we will release the BRAND NEW ones!

You should have known us well so far, we mean it. 

Enjoy!

https://t.me/CyberToufanBackup / https://t.me/CyberToufan",,,,,,,,,
"December 15,2023",SpaceX ,Transportation,,Hack and Leak ,,Claimed,Cyber Tourfan (https://t.me/CyberToufanBackup/200),https://t.me/CyberToufanBackup/200,,"#IsraelLeaks - Day Nineteen - Leak One - SpaceX (Part One) - #OpCyberToufan #OpIsrael

Bismillah..

Ever since Elon Musk (erm@spacex.com) agreed to stand shoulder-to-shoulder with the mass-murderer Netanyahu, the one whose hands are drenched in the blood of over 7,000 of our children, we at Cyber Toufan have had Mr. Musk and his business interests in our scope.

Today we publish Part One of CyberToufan's SpaceX leaks - a complete list of SpaceX's Employee Directory (all 12.5k) along with their email addresses. Not included in Part One: Their Passwords (Hashes), Phone Numbers, Home Addresses, or Employment Positions.

To those that participate in supporting those responsible for the mass murder of our children, know that your support is itself complicity. And you will be held to account for that complicity, even if that support was done purely out of personal greed.

To Biden and Sullivan, as well as Sunak and all other Western leaders encouraging and bankrolling the killing of our children. Know that as your support for the genocide is losing you political and moral credibility in your own lands, and as it unties the decades of your soft power efforts in the Muslim lands, your ongoing support for the genocide also risks you engulfing your entire states in a state of Cyber War. Your cyber landscapes are far richer and vaster than that of Israel's, and your companies are many fold larger in number and size.

Should you continue in supporting the killing of our children, and not in getting your 51st state/allies in line, you would not need to worry about just a Cyber Pearl Harbor, but rather a Cyber Flood (Toufan), from which there will be no mountain to climb..

Links:
https://usersdrive.com/7r6k2cwl1mdj
https://gofile.io/d/TVmuAS
https://download.gg/file-16103304_b89ac618cd5c9cb7
https://turbobit.net/tcdazn4zaz4l.html
https://megaup.net/1lefe

Password: @CyberToufan
SHA-1: bdd831bb41f2c76a413100aa0c0429f4f51d124d

#IsraelLeaks #OpCyberToufan #OpIsrael

https://t.me/CyberToufanBackup / https://t.me/CyberToufan",,,,,,,,,
"December 15,2023",Graf ,Industry,,Wipe,,Claimed,Cyber Tourfan (https://t.me/CyberToufanBackup/204),https://t.me/CyberToufanBackup/204,,"#IsraelLeaks - Day Twenty - Leak One - Graf (graf.co.il) - #OpCyberToufan #OpIsrael

Bismillah.. 

We've hacked Graffiti office supplies, Israel (graf.co.il) and managed to take it down and wipe it, plus their (b2b.graf.co.il)

The famous Graf online store offers a large variety of products to the Israeli market from Computers and peripherals to Appliances, Furniture and many others... 

Our leak contains more than 44K record of important data about users, from usernames, passwords, full names, phone numbers ,emails, addresses and much more. 

Guess what? The data also includes their B2B DB also! 

We will continue to disrupt the Isreli economy until the war on Gaza stops. 

To Smotrich, Minister of Finance: Are you ready to pay the price$?$

Links:

https://turbobit.net/13boz328fq7k.html
https://usersdrive.com/mt72qsthatlj
https://clicknupload.click/zt3qhz6wzscz

Password: @CyberToufan
SHA-1: ed90023e4e951e5de4f81efb03aec19004fb4b96

https://t.me/CyberToufanBackup / https://t.me/CyberToufan",,,,,,,,,
"December 15,2023",Dorot,Industry,,Hack and Leak ,,Claimed,Cyber Tourfan (https://t.me/CyberToufanBackup/213) Cyber News (https://cybernews.com/security/iran-cyber-toufan-hacked-high-profile-israeli-firms/),https://t.me/CyberToufanBackup/213,,"#IsraelLeaks - Day Twenty - Leak Two - (dorot.com) - #OpCyberToufan #OpIsrael

Bismillah..

As the Israeli authorities continue to cut off water supplies to Gaza, tonight's leak will be the database of the Israeli Water Systems (Engineering) company, Dorot (dorot.com).

Dorot, is a multinational company specialized in Water Management Systems and Automatic Control Valves, with critical clients in the ICS sector in Israel and all across the globe.

Today's leak is a gift to our friends working against the enemy on the SCADA/ICS front. And oh do we have much more in store for them :).

So long as the war in Gaza continues, we will continue to strike those responsible for the deaths of our children, day.. and night, sometimes in public.. and sometimes leaving no trace..

Links:
https://gofile.io/d/ajalmP
https://turbobit.net/ah0o934f8u6e.html
https://usersdrive.com/xq97xp5p1kyl

Password: @CyberToufan
SHA-1: ecb47d1ca2a444da771ce13476eea1c39867266d

https://t.me/CyberToufanBackup / https://t.me/CyberToufan",,,,,,,,,
"November 16,2023",CURVER,Industry,,Wipe,,Claimed,Cyber Tourfan (https://t.me/CyberToufanBackup/216) Double Pulsar (https://doublepulsar.com/cyber-toufan-goes-oprah-mode-with-free-linux-system-wipes-of-over-100-organisations-eaf249b042dc) ,https://t.me/CyberToufanBackup/216,,"#IsraelLeaks - Day 21 - Leak #1 - CURVER (curver.com) - #OpCyberToufan #OpIsrael

Bismillah..

Today's first leak relates to CURVER, a member of the Israeli Keter Group. CURVER (Est. 1949) claims to be a market leader in plastic household products, netting an annual revenue of over $450 million.

On Nov. 16th, #OpCyberToufan wiped out CURVER's servers, databases, and backups too. Over a month later, and CURVER's main website is still out of service (curver.com). While CURVER's DBs are over 5GB in total, today's leak only includes select tables, so as not to interfere with their recovery attempts ??

So long as our brothers and sisters are facing the daily bombardments, we in Cyber Toufan will continue to strike the occupation from all sides, every day and every night.

Links:
https://gofile.io/d/0VgAm0
https://turbobit.net/phkmz3my18wh.html
https://usersdrive.com/9dr2tvjf3gg6


Password: @CyberToufan
SHA-1: e967a2e6d63e60a28e2f455accf116f4c3e9544b

https://t.me/CyberToufanBackup / https://t.me/CyberToufan",,,,,,,,,
"December 17,2023",Techno-Rezef ,Industry,,Wipe,,Claimed,Cyber Tourfan (https://t.me/CyberToufanBackup/219) Information Security (https://www.itsec.ru/news/gruppi-cyber-toufan-ezhednevno-slivayet-do-16-gb-dannih-49-izraislkisih-kompaniy),https://t.me/CyberToufanBackup/219,,"#IsraelLeaks - Day 21 - Leak #2 - Techno-Rezef (techno-rezef.com) - #OpCyberToufan #OpIsrael

Bismillah..

Tonight's turn is that of the Israeli company Techno-Rezef (Est. 1982), one of Israel's oldest wholesale distributor of computers and computer-related equipment.

Their servers, databases, and backups were also wiped over a month ago as part of #OpCyberToufan, and like CURVER, they too are still down (https://techno-rezef.com/).

The leak contains personal inforamtion about company customers, B2B customers, emails, hashes, addresses and more. 

Stay tuned for more leaks about InfoSec companies which supposed to protect you! and failed to protect itself ??  

Links:
https://gofile.io/d/sDSbLR
https://turbobit.net/122r45e8wg5z.html
https://usersdrive.com/yk6alsu9tiav

Password: @CyberToufan
SHA-1: f0d6afcccc8f9da7c78295f7f899469b541a27e3

https://t.me/CyberToufanBackup / https://t.me/CyberToufan",,,,,,,,,
"December 18,2023",Ta-Supply,Industry,,Wipe ,,Claimed,Cyber Tourfan (https://t.me/CyberToufanBackup/219) Cyber Press (https://www.google.com/search?q=Ta-Supply+cyber+toufan&oq=Ta-Supply+cyber+toufan&gs_lcrp=EgZjaHJvbWUyBggAEEUYOTIGCAEQRRhA0gEIMjYwM2owajSoAgCwAgA&sourceid=chrome&ie=UTF-8) ,https://t.me/CyberToufanBackup/222,,"#IsraelLeaks - Day Twenty two - Leak One - Ta-Supply (Ta-Supply.com), part of ISCAR Ltd. - #OpCyberToufan #OpIsrael

Bismillah..


As mentioned bfore, on the 16th of November, Cyber Toufan wiped out over 500 databases and 50 servers belonging to ISCAR which is one of Mr. Buffet's investments into the genocidal state of Israel. 

Today we leak more than 25K records for Ta-Supply.com which is an online store that specializes in offering a wide range of tooling products and equipment.

We will keep striking the Israeli economy with our cyber attacks as long as a cease fire negotiation is reached. 

Remember that: 

Total number of ISCAR DBs: 535
Total size of the ISCAR DBs: 1.2 TB

Links:
https://gofile.io/d/HaJDDd
https://trbbt.net/vclrr9dmx2up.html
https://usersdrive.com/j5mop28bllxt.html

Password: @CyberToufan
SHA-1: 8e10e5782427b97e374e22401dfac46f5ca0096f

#OpCyberToufan #OpIsrael #IsraelLeaks",,,,,,,,,
"December 18,2023",NaanDan,"Agriculture, Fisheries and Forestry",,Hack and Leak ,,Claimed,Cyber Tourfan (https://t.me/CyberToufanBackup/224) Double Pulsar (https://doublepulsar.com/cyber-toufan-goes-oprah-mode-with-free-linux-system-wipes-of-over-100-organisations-eaf249b042dc),https://t.me/CyberToufanBackup/224,,"#IsraelLeaks - Day Twenty two - Leak two - NaanDan (naandanjain.com) - #OpCyberToufan #OpIsrael

Bismillah..

Our leak for tonight is NaanDan, by Rivulis. NaanDan is a global producer and provider of tailor-made irrigation solutions with the main facility and Headquarter based on Israel. 

In our leak we provide hundreds of clients, emails, contacts, passwords and much more, In addition about products and distributers details. 

We will keep striking your interests, will make you an open book for everybody to attack, and for sure support our free heros on Gaza field.

Links:
https://turbobit.net/9d7n9tjj94zx.html
https://usersdrive.com/xu03xpquxjdn
https://download.gg/file-16117153_17fe819c7a337dae

Password: @CyberToufan
SHA-1: 2871caaab3ed6e34eaaed6929d05ed88d00843d0

https://t.me/CyberToufanBackup / https://t.me/CyberToufan",,,,,,,,,
"December 19,2023",USTG,Industry,,Hack and Leak ,,Claimed,Cyber Tourfan (https://t.me/CyberToufanBackup/226),https://t.me/CyberToufanBackup/226,,"#IsraelLeaks - Day Twenty three - Leak one - USTG (ustg.net) - #OpCyberToufan #OpIsrael

Bismillah..

USTG (https://www.ustg.net) is another Israeli American company under ISCAR group. Its specializes in providing a wide range of industrial tools, equipment, and supplies. The leak is a rich fresh CSV files about the company. 

Our leak contains thousands of company customers personal information, suppliers, distributers details, and customers orders. (samples attached in the following post)

We want to inform you that your competitors are so happy because these leaks are already been in their hands!  ??

Links:
https://usersdrive.com/hxsgbcszaa50
https://turbobit.net/mtpfi64o23bv.html
https://gofile.io/d/jFGxkc
https://download.gg/file-16121039_93e1992d8ea2abb1

Password: @CyberToufan
SHA-1: 5d9cf512ee7433337fa39a50c190e12585d0e301

https://t.me/CyberToufanBackup / https://t.me/CyberToufan",,,,,,,,,
"December 19,2023",USTG,Industry,,DDoS,,Claimed,,,,"alcornindustrial.com
alleghenytool.net
amtektool.com
apisinc.com
api.touch-ins.co.il
arieladar.com
atwoodindustries.com
badgermill.com
barindustrial.com
berkshireesupply.com
blueashsupply.com
butlerbros.com
cartersoshkosh.co.il
catalog.fotcnc.com
catalog.toolkrib.com
catalog.ustg.net
cdt1.com
cmtindustrial.com
colmarindustrial.com
copreinternacional.com
core.touch-ins.co.il
cspartners.caesarstone.ca
cspartners.caesarstone.com.au
cspartners.caesarstone.co.uk
cspartners.caesarstone.sg
cspartners.caesarstoneus.com
cspartnershq1.caesarstone.com
curver.com
dctsupply.com
dixie-tool.com
drillmex.com
fugatesales.com
gfwdsupply.com
giddirect.com
global.keter.com
gordonindustrial.com
goronco.com
h-o.co.il
its-supply.com
keter.co.il
keter.com
knightesupply.com
ktstooling.com
libertytool.com
m.biopet.co.il
mgisales.com
mitchellmckinney.com
morsecuttingtools.com
mortgage.touch-ins.co.il
newstore.johnstoncompanies.com
northernprecisionsales.com
norviktools.com
old.shefa-online.co.il
paragon-supply.com
pet.biopet.co.il
pet.touch-ins.co.il
phoenix.touch-ins.co.il
pmt-usa.com
product.touch-ins.co.il
pts-tools.com
reserved-il.com
rmpis.com
rocket-supply.com
selwayindustrialsupply.com
shefa-online.co.il
shop.britecon.com
shop.clador.com
shop.emprecise.com
shop.lgindustrial.com
shop.qct.tools
shop.reggiemckenzieindustrial.com
shop.shopsupply.net
shop.smithindustrialsupply.com
stage.kravitz.co.il
store.brunswickindustrial.com
store.toolneeds.com
sys.biopet.co.il
sys-cspartners.caesarstone.ca
sys-cspartners.caesarstone.com.au
sys-cspartners.caesarstone.co.uk
sys-cspartners.caesarstone.sg
sys-cspartners.caesarstoneus.com
sys-cspartnershq1.caesarstone.com
sys-cspartners.caesarstone.ca
sys-cspartners.caesarstone.co.uk
sys.touch-ins.co.il
sys.udidagan.co.il
tryhardindustrial.ca
vehicle.touch-ins.co.il
wsies.com
www.atwoodindustries.com
www.butlerbros.com
www.copreinternacional.com
www.dixie-tool.com
www.drillmex.com
www.herrickindustrial.com
www.ktstooling.com
www.nistx.com
www.plasson-pead.com.br
www.pts-tools.com",,,,,,,,,
"December 19,2023",ZokoEnterprise,Industry,,Hack and Leak ,,Claimed,Cyber Tourfan (https://t.me/CyberToufanBackup/226),https://t.me/CyberToufanBackup/237,,"#IsraelLeaks - Day Twenty three - Leak Two - StraussGroup (strauss-group.com) - #OpCyberToufan #OpIsrael

Bismillah..

Our leak tonight is the well-known food Israeli company Strauss Group (strauss-group.com), Strauss Group is among the largest food manufacturers in Israel. and a public company traded in the Tel Aviv Stock Exchange. 

Strauss not only focuses on dairy products, coffee, snacks, and others, but they also they steel the Palestinian Holy Land's hummus and olive oil and marks them as their food.

Our gift to Pro-Palestinian hacktivists is the complete up-to-date database of Strauss. So, do not waste the chance!. 

Our message to the zionists: We will increase our attacks and leaks as long as you continue killing our children.

Links:
https://usersdrive.com/vyiedo56h301
https://turbobit.net/55wgy96xrak9.html
https://gofile.io/d/TaNAjm
https://download.gg/file-16122221_d7ee7844542178ad

Password: @CyberToufan
SHA-1: 385c3dccf6979a6a36bab51d7a48fd906c6a1b01

https://t.me/CyberToufanBackup",,,,,,,,,
"December 19,2023",StraussGroup,Industry,,Hack and Leak ,,Claimed,Cyber Tourfan (https://t.me/CyberToufanBackup/239),https://t.me/CyberToufanBackup/239,,"#IsraelLeaks - Day Twenty four - Leak #1 - ZokoEnterprise (zoko.co.il) - #OpCyberToufan #OpIsrael

Bismillah..

Zoko Enterprises (zoko.co.il) is a designer, manufacturer, and supplier of a products such as armored machines, vehicles, buses, trucks, marine engines, and more. 

As the company mentioned (https://www.israeldefense.co.il/en/company/zoko-enterprises) it proudly says that its prominent supplier for the IDF.

In a result, we proudly leaking a part of your company database including your employees and customers private details. 

Your details became known to the resistance in the field and to the cyber fighters. Now you are our next target. Stay tuned!


Links:
https://turbobit.net/4u6tak7o4fu5.html
https://usersdrive.com/g6mpqj8xnzf1
https://download.gg/file-16125704_056b41bc7a9c03e0

Password: @CyberToufan
SHA-1: 5eb9eb06ca7f5ee75d13159b80caa8a137f408c3

https://t.me/CyberToufanBackup / https://t.me/CyberToufan",,,,,,,,,
"December 19,2023",TEFEN,Industry,,Hack and Leak ,,Claimed,Cyber Tourfan (https://t.me/CyberToufanBackup/246),https://t.me/CyberToufanBackup/246,,"#IsraelLeaks - Day Twenty four - Leak #2 - TEFEN Flow and Dosing Technologies Ltd.  (tefentech.com) - #OpCyberToufan #OpIsrael

Bismillah..

TEFEN Flow and Dosing Technologies Ltd.  (tefentech.com) is a leading manufacturer of non-electric volumetric equipment and flow products since 1970.

Tefen offers also the pumps for a variety of applications such as medication for livestock, cleaning or disinfecting fluid lines, sanitizing water systems, car wash, cost effecting fertilizing, and pest control for crops and plants. 

We are partialy leaking a part of the company database including sensitive details.

Again, your details became known to the resistance in the field and to the cyber fighters. 

Links:
https://usersdrive.com/aaf84b1spw4s
https://turbobit.net/t5wtpq319pac.html
https://gofile.io/d/CTeD2t
https://download.gg/file-16126305_cd8b5e7cf0c600bb

Password: @CyberToufan
SHA-1: 6f5c5b48fec31631f148dc2e30c5b86a09dbd57e

https://t.me/CyberToufanBackup / https://t.me/CyberToufan",,,,,,,,,
"December 21,2023",Erco  ,Industry,,Hack and Leak ,,Claimed,Cyber Tourfan (https://t.me/CyberToufanBackup/248),https://t.me/CyberToufanBackup/248,,"#IsraelLeaks - Day Twenty five - Leak #1 - Erco  (erco.co.il) - #OpCyberToufan #OpIsrael

Bismillah..

Erco (erco.co.il) is a wholesaler and importer of electrical and lighting equipment and lighting fixtures. erco.co.il is one of the main electrical supply distributors in Israel with 14 branches, hundreds of workers and tens of thousand of customers. 

Because you attack everything in Palestine, we will attack everything you have as well, and since you are depriving Gaza of electricity, we attacking your electrical companies as well!

The leak contains tens of thousand of Erco customers sensitve details, orders and addresses. 

Links:
https://usersdrive.com/jj21mso90pv7
https://turbobit.net/0uxdm1ho5ufn.html
https://gofile.io/d/O7Y3IL
https://download.gg/file-16130365_3ef8dbb03669f89f

Password: @CyberToufan
SHA-1: 67c3f863893144ef20b899f37747d5c55dbb5a5e

https://t.me/CyberToufanBackup / https://t.me/CyberToufan",,,,,,,,,
"December 21,2023",Teldor  ,Industry,,Hack and Leak ,,Claimed,Cyber Tourfan (https://t.me/CyberToufanBackup/252),https://t.me/CyberToufanBackup/252,,"#IsraelLeaks - Day Twenty Five - Leak #2 - Teldor  (teldor.com) - #OpCyberToufan #OpIsrael

Bismillah..

Teldor (teldor.com) the zionist company states in its website: 

""All of Teldor's Portable Deployment Solution cables have been installed and are fully functional both in Israel's Defense Forces (IDF) and security agencies as well as in additional military bodies across the globe""

The leak contains: 
- Sensitive information, emails, phones, addresses of Israel and global teldor customers
- Some IDF users
- Plain text passwords (not hashes this time ;D)  

Until the Zionists stop thier genocide, we will continue and strongly strike. In addition to the daily leaks, wait us tomorrow for a valuable gift .

Links:
https://gofile.io/d/wnVGhs
https://turbobit.net/6oamp8jne1we.html
https://usersdrive.com/ityojew6byje
https://download.gg/file-16130776_7376257f0c01476b

Password: @CyberToufan
SHA-1: 18d20044b2ae10dbd2f63fd46f27b66769b49e84

https://t.me/CyberToufanBackup / https://t.me/CyberToufan",,,,,,,,,
"December 22,2023",SuperPharm,"Medical, Health and Nutrition",,Hack and Leak ,,Claimed,Cyber Tourfan (https://t.me/CyberToufanBackup/259),https://t.me/CyberToufanBackup/259,,"#IsraelLeaks - Day Twenty Six - Leak #1 - SuperPharm  (super-pharm.co.il) - #OpCyberToufan #OpIsrael

Bismillah..

Super-Pharm (super-pharm.co.il) is an Israeli pharmacy chain. It has ~260 branches and its revenue over $1.2 billion and more than 9000 employees. 

Today's first leak is Super-Pharm's database, which contains employees and customers' sensitive data and details of the company's products and financial records.

As you know, the Zionist state prohibits the entry of medicines into Gaza, and patients are slowly dying.

We will continue to attack the Zionists and their interests everywhere, until they stop

Links:
https://gofile.io/d/vV1FxG
https://usersdrive.com/dmk0zn63a4c7
https://turbobit.net/u3hfqrkx42rc.html
https://download.gg/file-16133908_588603ebd6317763

Password: @CyberToufan
SHA-1: 52bab32626dc6b716fa79ba055e944f8dfcddd3e

https://t.me/CyberToufanBackup / https://t.me/CyberToufan",,,,,,,,,
"December 22,2023",BConnect Technologies ,Information and Communications,,Hack and Leak ,,Claimed,Cyber Tourfan (https://t.me/CyberToufanBackup/264),https://t.me/CyberToufanBackup/264,,"#IsraelLeaks - Day Twenty Six - Leak #2 - BConnect Technologies  (bconnect.co.il) - #OpCyberToufan #OpIsrael

Bismillah..

BConnect Technologies  (bconnect.co.il) was established at 2007 and specializes in import and distribution of innovative electronic devices. It is the Official distributor in Israel for the following leading brands: Jabra, Belkin, Motorola and others. 

We are leaking the complete database of their website, which contains employees and customers sensitive data and the company products and economical records. 

Stay tuned for the next leak!

Links:
https://gofile.io/d/8IGUDZ
https://turbobit.net/y8xy49tk9nq4.html
https://usersdrive.com/yf9jae86zrie
https://download.gg/file-16135960_ea9710a2ea70c878

Password: @CyberToufan
SHA-1: af14615ee257c605e8ed0588dac67e2e42bc76ec

https://t.me/CyberToufanBackup / https://t.me/CyberToufan",,,,,,,,,
"December 23,2023",Allot Ltd. ,Information and Communications,,Hack and Leak ,,Claimed,Cyber Tourfan (https://t.me/CyberToufanBackup/271),https://t.me/CyberToufanBackup/271,,"#IsraelLeaks - Day 27 - Leak #1 - Allot Ltd. (allot.com) - #OpCyberToufan #OpIsrael

Bismillah..

Our first leak for the day is our third(!) Israeli cyber security company (after Radware and Max Security), Allot Ltd..

Allot Ltd. (NASDAQ, TASE: ALLT) is a provider of network intelligence and security solutions for service providers and enterprises worldwide. Their solutions are deployed by over 500 mobile, fixed, and cloud service providers (such as Vodafone, Orange, T-Systems, Amazon, etc.) and over 1000 enterprises (including government agencies, banks, and global news networks).

Today's leak is one of many databases we have in our hands from Allot, and this database includes the details of 10s of thousands of orders of their global clientele.

Whether one can find in the data a number of interestingly named front companies for some global SIGINT agencies, and what those companies bought exactly, we'll leave it for you to discover :).

Links:
https://gofile.io/d/bfF9vw
http://tinyurl.com/CyberToufan-allot
https://oshi.at/PMmM/OpCyberToufan-IsraelLeaks-0x45-allot.zip

Password: @CyberToufan
SHA-1: 91d71d2930f75dd01fc644a5354499bc1aecbd9b

https://t.me/CyberToufanBackup / https://t.me/CyberToufan",,,,,,,,,
"December 23,2023",Palram Industries Ltd.,Industry,,Hack and Leak ,,Claimed,Cyber Tourfan (https://t.me/CyberToufanBackup/273),https://t.me/CyberToufanBackup/273,,"#IsraelLeaks - Day 27 - Leak #2 - Palram Industries Ltd. - #OpCyberToufan #OpIsrael

Bismillah..

We'll be ending the night lightly by leaking a smaller database belonging to Palram Industries (https://palram.com). Palram is an Israeli-headquartered global leader in the design and manufacturing of thermoplastic solutions, netting over $500 million in revenue annually.

CyberToufan aims to be the one-stop-shop for all reconnaissance data needs relating to Israel and relating to any major business entity operating in (OR with) it.

We'll continue being a thorn in the side of the oppressors. We'll continue making those complicit in the killing of our children pay for their complicity.

Links:
https://gofile.io/d/nLoBCM
https://turbobit.net/zjrh6dt2qzkr.html
https://clicknupload.click/oy8zytl0rukg

Password: @CyberToufan
SHA-1: 74c35b5f8a082c6ee7c7d89ac51a033404914036

https://t.me/CyberToufanBackup / https://t.me/CyberToufan",,,,,,,,,
"December 25,2023",CL Industrial,Industry,,Hack and Leak ,,Claimed,Cyber Tourfan (https://t.me/CyberToufanBackup/277),https://t.me/CyberToufanBackup/277,,"#IsraelLeaks - Day 28 - Leak #1 - ICL Industrial - #OpCyberToufan #OpIsrael

Bismillah..

The second leak is ICL Industrial Products (https://ICL-IP.com). It is an israeli and global specialty chemicals company that specializes in the development, production, and marketing of chemicals used in a wide range of industries. ICL-IP serving customers in over 100 countries. 

We leaking the full database of the company, including customers, suppliers and other details.

We are reminding you. We will keep striking your industrial interests, as you continuing killing our children!

Links:
https://gofile.io/d/XSinkO
https://send.cm/zuqavbg8xkgf
https://usersdrive.com/hxlwbz78wp6e

Password: @CyberToufan
SHA-1: e59b4763c6db931f26eb24c122b2c869ef1e3c19

https://t.me/CyberToufanBackup / https://t.me/CyberToufan",,,,,,,,,
"December 25,2023",A.R.I Israel,Industry,,Hack and Leak ,,Claimed,Cyber Tourfan (https://t.me/CyberToufanBackup/281),https://t.me/CyberToufanBackup/281,,"#IsraelLeaks - Day 29 - Leak #1 - A.R.I Israel - #OpCyberToufan #OpIsrael

Bismillah..

As the Israeli authorities continue killing innocent children and civilians and continue cutting off water supplies to Gaza, 

Today's leak is more gift to our friends working against the Zionist enemy on the SCADA/ICS front. As promised we still have much more for them :)

After we leaked Israeli Water Systems (Engineering) company DOROT (https://t.me/CyberToufanBackup/213),

Today we are dumping full database of the Israeli Water Systems (Engineering) company, A.R.I (ari.co.il).
A.R.I. is a leading manufacturer and global provider of solutions for the protection of liquid transmission systems, with over 40 years of industry experience, 
with critical clients in the ICS sector in Israel and all across the globe. In 2020, A.R.I. merged with Dorot and OCV Control Valves, forming a new company now known as Aquestia.

Leak contains the full database of the company, including customers, products, and other details.

So long as the war in Gaza continues, we will continue to strike those responsible for the deaths of our children, day.. and night, sometimes in public.. 
and sometimes leaving no trace..

Links:
https://gofile.io/d/87FmuQ
https://send.cm/a811yzbj59ch
https://turbobit.net/tjn3ujnfuyhy.html

Password: @CyberToufan
SHA-1: 1bdaa2b118442ade8d47609a41de8195189451de

https://t.me/CyberToufanBackup / https://t.me/CyberToufan",,,,,,,,,
"December 25,2023",Carolina Lemke ,Industry,,Hack and Leak ,,Claimed,Cyber Tourfan (https://t.me/CyberToufanBackup/288),https://t.me/CyberToufanBackup/288,,"#IsraelLeaks - Day 29 - Leak Two - #OpCyberToufan #OpIsrael

Bismillah..

Our second leak for the day is the complete database of the famous Israeli sunglasses and eyeglasses company (carolinalemke.com), it has more than 70 locations in Israel

Carolina Lemke Berlin yields an annual revenue of over $13.3 million, and is one of Israel's most popular eyeglasses-retail chains.

As always, we remind everyone that CyberToufan will continue to strike the Israeli companies and businesses daily, 
So long as children and innocent civilians, medical workers, and journalists are facing constant bombardment, destruction of their homes, hospitals, house of worships and attempts to expel Palestinian from their land, we will continue striking and destroying the enemy in cyberspace. 

Links: 
https://gofile.io/d/o6hN6W
https://send.cm/knjzsp266uvv
https://usersdrive.com/79gfk3eqifgl

Password: @CyberToufan
SHA-1: 203f9d57e30ea892335d6d9c6562fce3b1c1dbbf

https://t.me/CyberToufanBackup / https://t.me/CyberToufan",,,,,,,,,
"December 25,2023",Maytronics,Industry,,Hack and Leak ,,Claimed,Cyber Tourfan (https://t.me/CyberToufanBackup/293),https://t.me/CyberToufanBackup/293,,"#IsraelLeaks - Day 30 - Leak #1 - #OpCyberToufan #OpIsrael

Bismillah..

Today we mark our 30 days-long leak for #OpCyberToufan. As the Israeli media said, #OpCyberToufan operation has been one of the largest cyber attacks in Israel's history! We have been enjoying a good ride for a full month! Unstoppable!

The first leak of the day goes to Maytronics Ltd. (maytronics.com). Maytronics is an Israeli company that's a global leader in the swimming pool industry. They sell a variety of robotic pool cleaners, pool-safety products, and mineral-based water treatment technologies. They operate five subsidiaries worldwide, with global partners in 65 countries across five continents and over 100 distributors.

Their CEO (Jonathan Basi) was a proud retired colonel of the IDF!

We are leaking a part of database of the company. It contains their customers and distributors and their details.

We are reminding you. We will keep striking your industrial interests, as you continuing killing our children!
No business is safe! You only lead into self-destruction path! The path that you will loose and defeated!
We would like to thank all of YOU who supported us,
Remember, we all know it to well, without the freedom of the Palestinian, our freedom is incomplete!

For the haters, thanks for watching us! You know who you are! ;)

Links: 
https://gofile.io/d/Go1yrv
https://send.cm/1m1k91j4q8e8
https://usersdrive.com/4ygb115xcim0

Password: @CyberToufan
SHA-1: df37d48ab9f880d4de3d3d9b6786d4081a6a8c3a

https://t.me/CyberToufanBackup / https://t.me/CyberToufan

#IsraelLeaks - Day 30 - Leak #1 - #OpCyberToufan #OpIsrael

Links: 
https://gofile.io/d/Go1yrv
https://send.cm/1m1k91j4q8e8
https://usersdrive.com/4ygb115xcim0

Password: @CyberToufan
SHA-1: df37d48ab9f880d4de3d3d9b6786d4081a6a8c3a

https://t.me/CyberToufanBackup / https://t.me/CyberToufan",,,,,,,,,
"December 27,2023", Israel State Payment Gateway,"Finance, Management and Administration",,wipe ,,Claimed,Cyber Tourfan (https://t.me/CyberToufanBackup/297),https://t.me/CyberToufanBackup/297,,"#IsraelLeaks - Day 30 - Leak #2 - Israel State Payment Gateway (ecom.gov.il) - #OpCyberToufan #OpIsrael

Bismillah..

Believe it or not, it's been 30 days of #IsraelLeaks already! We promised you all a month of daily leaks (every day, and every night), and here we've fulfilled our promise with our 60 leaks!

For our final leak, we felt we needed to drop something special, so we've decided to just go ahead and publish the whole disk image of one of the backend servers of Israel's State Payment Gateway (ecom.gov.il)!!

Yeah, we exfil'd a lot more than we published.. ??

On the 16th of November, as part of #OpCyberToufan, our team wiped out over 15 servers and backup systems that were part of Israel's State Payment Gateway infrastructure. The government did manage to get a semi-working system back up within a week, but we're the only ones with all the data :)!

While this may be our last leak for now, having completed our month of leaking, it's not the end of Cyber Toufan. We have many surprises awaiting in store. So long as our brothers keep striking the occupying forces on the ground, we'll keep striking them and their interests in the domain of cyber, whether in public or whether without a trace.

""And indeed it is Jihad, victory or martyrdom""

Links:
https://gofile.io/d/BwStGl
https://1fichier.com/?bb2wqqg0g3c70m9cr1oy
https://pixeldrain.com/u/KRxzkMF2

Password: @CyberToufan
SHA-1: 817ce9533ae46119d0ad9fa3263d3a378c50e16b
",,,,,,,,,
,,,,,,,,,,,,,,,,,,,
,,,,,,,,,,,,,,,,,,,
,,,,,,,,,,,,,,,,,,,
,,,,,,,,,,,,,,,,,,,
,,,,,,,,,,,,,,,,,,,
,,,,,,,,,,,,,,,,,,,
,,,,,,,,,,,,,,,,,,,
,,,,,,,,,,,,,,,,,,,
,,,,,,,,,,,,,,,,,,,
,,,,,,,,,,,,,,,,,,,
,,,,,,,,,,,,,,,,,,,
,,,,,,,,,,,,,,,,,,,
,,,,,,,,,,,,,,,,,,,
,,,,,,,,,,,,,,,,,,,
,,,,,,,,,,,,,,,,,,,
,,,,,,,,,,,,,,,,,,,
,,,,,,,,,,,,,,,,,,,
,,,,,,,,,,,,,,,,,,,
,,,,,,,,,,,,,,,,,,,
